{
  "connectorName": "snowflake",
  "operationName": "batchExecute",
  "title": "Batch Execution",
  "help": "<h1>Batch Execution</h1>",
  "elements": [
    {
      "type": "attributeGroup",
      "value": {
        "groupName": "General",
        "elements": [
          {
            "type": "attribute",
            "value": {
              "name": "configRef",
              "displayName": "SnowFlake Connection",
              "inputType": "connection",
              "defaultValue": "",
              "required": "true",
              "helpTip": "Connection to be used"
            }
          },
          {
            "type": "attributeGroup",
            "value": {
              "groupName": "Basic",
              "elements": [
                {
                  "type": "attribute",
                  "value": {
                    "name": "executeQuery",
                    "displayName": "Bulk Execute Query",
                    "inputType": "stringOrExpression",
                    "defaultValue": "",
                    "required": "true",
                    "helpTip": "The bulk execute query to be executed."
                  }
                },
                {
                  "type": "attribute",
                  "value": {
                    "name": "payload",
                    "displayName": "Payload",
                    "inputType": "stringOrExpression",
                    "defaultValue": "",
                    "required": "true",
                    "helpTip": "The payload to be used for the bulk execute query."
                  }
                }
              ]
            }
          }
        ]
      }
    }
  ]
}